Authors,Title,Year,Source title,Link,References,Document Type,Source
"Limayem M., Khalifa M., Chin W.W.","Factors motivating software piracy: A longitudinal study",2004,"IEEE Transactions on Engineering Management","https://www.scopus.com/inward/record.uri?eid=2-s2.0-7744223580&doi=10.1109%2fTEM.2004.835087&partnerID=40&md5=9f91c9a8813a28c8a2af5df72085d28f","(1997) Piracy Rep., , SPA/BSA; Harrison, A., Software piracy tops $1 billion (1999) Computerworld, 33 (24), p. 28. , June; Cheng, H.K., Sims, R.R., Teegen, H., To purchase or to pirate software: An empirical study (1997) J. Manage. Inform. Syst., 13 (4), pp. 49-60. , Spring; Gopal, R.D., Sanders, G.L., Preventive and deterrent controls for software piracy (1997) J. Manage. Inform. Syst., 13 (4), pp. 29-47. , Spring; Gopal, R.D., International software piracy: Analysis of key issues and impacts (1998) Inform. Syst. Res., 9 (4), pp. 380-397. , Dec; Givon, M., Mahajan, V., Muller, E., Software piracy: Estimation of lost sales and the impact on software diffusion (1995) J. Marketing, 59 (1), pp. 29-37. , January; (2002) 7th Annu. BSA Global Software Piracy Study, , Business Software Alliance (BSA); Robinson, R.K., Reithel, B.J., The software piracy dilemma in public administration: A survey of university software policy enforcement (1994) Public Admin. Quart., 17 (4), pp. 485-497. , Winter; Sims, R.R., Cheng, H.K., Teegen, H., Toward a profile of student software piraters (1996) J. Bus. Ethnics, 15 (8), pp. 839-849. , Aug; Conner, K.R., Rumelt, R.P., Software piracy: An analysis of protection strategies (1991) Manage. Sci., 37 (2), pp. 125-139. , Feb; Glass, R.S., Wood, W.A., Situational determinants of software piracy: An equity theory perspective (1996) J. Bus. Ethnics, 15 (11), pp. 1189-1198. , Nov; Thong, J.Y.L., Yap, C.S., Testing and ethical decision-making theory: The case of softlifting (1998) J. Manage. Inform. Syst., 15 (1), pp. 213-237. , Summer; Harrington, S.J., Why people copy software and create computer viruses: Individual characteristics or situational factors (1989) Inform. Resources Manage. J., 2 (3), pp. 28-37. , Summer; Cohen, E., Cornwell, L., A question of ethics: Developing information system ethics (1989) J. Bus. Ethnics, 8 (6), pp. 431-437. , June; Solomon, S.L., O'Brien, J.A., The effect of demographic factors on attitudes toward software piracy (1990) J. Comput. Inform. Syst., 30 (3), pp. 40-46. , Spring; Wood, W.A., A view of computer ethics by managers and students (1991) J. Comput. Inform. Syst., 32 (2), pp. 7-10. , Winter; Logsdon, J.M., Thompson, J.K., Reid, R.A., Software piracy: Is it related to level of moral judgment? (1994) J. Bus. Ethnics, 13 (11), pp. 849-857. , Nov; Pierce, M.A., Henry, J.W., Computer ethics: The role of personal, informal, and formal codes (1996) J. Bus. Ethnics, 15 (4), pp. 425-437. , Apr; Simpson, P.M., Banerjee, D., Simpson Jr., C.L., Softlifting: A model of motivating factors (1994) J. Bus. Ethnics, 13 (6), pp. 431-438. , June; Harrington, S.J., The effect of codes of ethics and personal denial of responsibility on computer abuse judgments and intentions (1996) MIS Quart., 20 (3), pp. 257-278. , Sept; Loch, K.D., Conger, S., Evaluating ethical decision making and computer use (1996) Commun. ACM, 39 (7), pp. 74-83. , July; Al-Jabri, I., Abdul-Gader, A., Software copyright infringements: An exploratory study of the effects of individual and peer beliefs (1997) Omega, Int. J. Manage. Sci., 25 (3), pp. 335-344. , June; Banerjee, D., Cronan, T.P., Jones, T.W., Modeling IT ethics: A study in situational ethics (1998) MIS Quart., 22 (1), pp. 31-60. , Mar; Kini, R.B., Rominger, A., Vijayaraman, B.S., An empirical study of software piracy and moral intensity among university students (2000) J. Comput. Inform. Syst., 40 (3), pp. 62-72. , Spring; Ajzen, I., The theory of planned behavior: Some unresolved issues (1991) Organ. Behavior Human Decision Processes, 50 (2), pp. 179-211; Triandis, C.H., Values, attitudes and interpersonal behavior (1980) Proc. Nebraska Symp. Motivation, 1979: Beliefs, Attitudes and Values, pp. 159-295. , Lincoln, NE; Ajzen, I., Fishbein, M., (1975) Belief Attitude, Intention and Behavior: an Introduction to Theory and Research, , Reading, MA: Addison-Wesley; Thompson, R.L., Higgins, C.A., Howell, J.M., Personal computing: Toward a conceptual model of utilization (1991) MIS Quart., 15 (1), pp. 125-143. , March; Thompson, R.L., Influence of experience on personal computer utilization: Testing a conceptual model (1994) J. Manage. Inform. Syst., 11 (1), pp. 167-187. , Summer; Eining, M.M., Christensen, A.L., A psycho-social model of software piracy: The development and test of a model (1991) Ethical Issues in Information Systems, , R. Dejoie, G. Fowler, and D. Paradice, Eds. Boston, MA: Boyd and Fraser; Bandura, A., (1986) Social Foundations of Thought and Action: A Social Cognitive Theory, , Englewood Cliffs, NJ: Prentice-Hall; Kuo, F.Y., Hsu, M.H., Development and validation of ethical computer self-efficacy measure: The case of softlifting (2001) J. Bus. Ethnics, 32 (4), pp. 299-315. , Aug; Lin, T.C., Hsu, M.H., Kuo, F.Y., Sun, P.C., An intention model-based study of software piracy (1999) Proc. 32nd Annu. Hawaii Int. Conf. System Sciences, , Maui, Hawaii, January 5-8; Hunt, S.D., Vitell, S.M., A general theory of marketing ethics (1986) J. Macromarketing, 6 (1), pp. 5-16. , Spring; Bergeron, F., Raymond, L., Rivard, S., Gara, M.F., Understanding EIS use: An empirical test of a behavioral model (1992) Proc. 25th Annu. Hawaii Int. Conf. System Sciences (HICSS-25), 3, pp. 157-165. , Koloa, Hawaii, Jan; Machrone, B., The copyright fight (1987) PC Mag., 8, pp. 81-82. , Feb. 12; Taylor, G.S., Shim, J.P., A comparative examination of attitudes toward software piracy among business professors and executives (1993) Human Relations, 46 (4), pp. 419-433; Im, J.H., Koen, C.M., Software piracy and responsibilities of educational institutions (1990) Inform. Manage., 18 (4), pp. 189-194. , April; Im, J.H., Van Epps, P.D., Software piracy and software security measures in business schools (1992) Inform. Manage., 23 (4), pp. 193-203. , Oct; Kowalski, S., Kowalski, H., Computer ethics and computer abuse: A study of Swedish and Canadian University data processing students (1990) Inform. Age, 12 (4), pp. 206-212. , Oct; Davis, J.R., Welton, R.E., Professional ethics: Business students' perceptions (1991) J. Bus. Ethnics, 10 (6), pp. 451-463. , June; Moores, T., Dhillon, G., Software piracy: A view from Hong Kong (2000) Commun. ACM, 43 (12), pp. 88-93. , Dec; Chin, W.W., Gopal, A., Adoption intention in GSS: Importance of beliefs (1995) ACM SIGMIS Database, 26 (2-3), pp. 42-64. , May/Aug; Mathieson, K., Peacock, E., Chin, W.W., Extending the technology acceptance model: The influence of perceived user resources (2001) Data Base for Advances Inform. Syst., 32 (3), pp. 86-112. , Summer; Wold, H., Introduction to the second generation of multivariate analysis (1989) Theor. Empiricism, pp. 7-11. , H. Wold, Ed. New York: Paragon House; Chin, W.W., The partial least squares approach for structural equation modeling (1998) Modern Methods for Business Research, pp. 295-336. , G. A. Marcoulides, Ed. Hillsdale, NJ: Lawrence Erlbaum Associates; Compeau, D.R., Higgins, C.A., Application of social cognitive theory to training for computer skills (1995) Inform. Syst. Res., 6 (2), pp. 118-143. , June; Chin, W.W., (1994) PLS-Graph Manual, , Unpublished; Cotterman, W., Senn, J., Challenges and strategies for research in information systems development (1992) Wiley Series in Information Systems, , Chichester, U.K.: Wiley; Werts, C.E., Linn, R.L., Jöreskog, K.G., Intraclass reliability estimates: Testing structural assumptions (1974) Educ. Psychological Measure, 34 (1), pp. 25-33; Fornell, C., Larcker, D., Evaluating structural equation models with unobservable variable and measurement error (1981) J. Marketing Res., 18 (1), pp. 39-50. , Feb; Chin, W.W., Issues and opinion on structural equation modeling (1998) MIS Quart., 22 (1), pp. 7-16. , Mar; Oz, E., The attitude of managers-to-be toward software piracy (1990) OR/MS Today, 17 (4), pp. 24-26. , Aug; Rahim, M.M., Rahman, M.N.A., Seyal, A.H., Software piracy among academics: An empirical study in Brunei Darussalam (2000) Inform. Manage. Comput. Security, 8 (1), pp. 14-26; Straub Jr., D.W., Nance, W., Discovering and disciplining computer abuse in organizations: A field study (1990) MIS Quart., 14 (1), pp. 45-60. , March; Peace, A.G., Galletta, D.F., Developing a predictive model of software piracy behavior: An empirical study (1996) Proc. 17th Int. Conf. Information Systems, pp. 209-222. , Cleveland, OH, Dec. 15-18; Gopal, R.D., Sanders, G.L., The effect of preventive and deterrent software piracy strategies on producer profits (1992) Proc. 13th Int. Conf. on Information Systems, pp. 161-170. , Dallas, TX, Dec. 13-16; Wong, G., Kong, A., Ngai, S., A study of unauthorized software copying among post-secondary students in Hong Kong (1990) Australian Comput. J., 22 (4), pp. 114-122. , Nov; Ang, A.Y., Lo, B.W.N., Software piracy attitudes of tertiary students in Australia (1998) Proc. South East Asia Regional Computer Confederation, , Darwin, Australia, July 7-10; Kini, R.B., Ramakrishna, H.V., Vijayaraman, B.S., An exploratory study of moral intensity regarding software piracy of students in Thailand (2003) Behavior Inform. Technol., 22 (1), pp. 63-70. , Jan./Feb; Rahim, M.M., Seyal, A.H., Rahman, M.N.A., Software piracy among computing students: A Bruneian scenario (1999) Comput. Educ., 32 (4), pp. 301-321. , May; Swinyard, W.R., Rinne, H., Kau, A.K., The morality of software piracy: A cross-cultural analysis (1990) J. Bus. Ethnics, 9 (8), pp. 655-664. , August",Article,Scopus
"Kini R.B., Ramakrishna H.V., Vijayaraman B.S.","An exploratory study of moral intensity regarding software piracy of students in Thailand",2003,"Behaviour and Information Technology","https://www.scopus.com/inward/record.uri?eid=2-s2.0-0037276453&doi=10.1080%2f01449290301784&partnerID=40&md5=0811b3d5edf4f95a9f0dce1cb9c764b8","Athey, S., A comparison of experts' and high tech students' ethical beliefs in computer related situations (1993) Journal of Business Ethics, 12, pp. 350-370; Athey, S., Plotnicki, J., Would the software police find your company guilty? (1994) Journal of Systems Management, 45 (10), pp. 32-38; Ballantine, P., Examining the effects of culture on perceptions of moral intensity: A comparison of future marketers from Malaysia and New Zealand (2000) Proceedings of AMZMAC 2000 Visionary Marketing for 21st Century: Facing the Challenge, Gold Coast, Queensland, Australia; Cheng, H.K., Sims, R.R., Teegen, H., To purchase or to pirate software: An empirical study (1997) Journal of Management Information Systems, 13 (4), pp. 49-60; Cho, K., Eining, M., Information ethics: An empirical investigation of Korea and the United States (1997) Proceedings of the American Accounting Association; Eining, M.M., Christensen, A.L., A psycho-social model of software piracy: The development and test of a model (1991) Ethical Issues in IS, , In R. Dejoie, G. Fowler and D. Paradice (eds); (Boston, MA: Boyd & Fraser Publishing Company); Kini, R.B., Rominger, A., Vijayaraman, B.S., An empirical study of software piracy and moral intensity among university students (2000) Journal of Computer Information Systems, 40 (3), pp. 62-72; Kohlberg, L., Stage and sequence: The cognitive developmental approach to socialization (1969) Handbook of Socialization Theory & Research, , In D. Goslin (ed); (Chicago, IL: Rand McNally); Lane, P.L., Lane, M.R., Ethical views and behavior regarding software: Undergraduate business students vs MBA students (1996) Proceedings of the Annual Decision Sciences Institute Conference, Orlando; Lin, T., Hsu, M., Kuo, F., Sun, P., An intention model-based study of software piracy (1999) Proceedings of the 32nd Hawaii International Conference of System Sciences, Maui, Hawaii; Logsdon, J.M., Thompson, J.K., Reid, R.A., Software piracy: Is it related to level of moral judgment? (1994) Journal of Business Ethics, 13, pp. 849-857; Rest, J., (1986) Moral Development: Advances in Research and Theory, , New York, NY: Praeger; Simpson, P.M., Banerjee, D., Simpson C.L., Jr., Softlifting: A model of motivating factors (1994) Journal of Business Ethics, 13, pp. 431-438; (1997), http://www.softlok.com/softpira.htm, Softlok; February 12, 4:09 P.M., Software Piracy Statistics",Article,Scopus
"Rahim M., Seyal A.H., Abd. Rahman M.N.","Factors affecting softlifting intention of computing students: An empirical study",2001,"Journal of Educational Computing Research","https://www.scopus.com/inward/record.uri?eid=2-s2.0-0035538544&doi=10.2190%2f2U2D-30LC-R3YM-T364&partnerID=40&md5=fe6e0e7e09c8945d41b9e1252a9dd7a7","Mason, R.O., Four ethical issues of the information age (1986) MIS Quarterly, 10 (1), pp. 5-12; Anthes, G.H., Study cites software industry growth, piracy problems (1993) Computer-world, p. 119. , March 29; Software piracy costs $11.4b (1998) Borneo Bulletin News Paper, p. 22. , June 16; Why software copy protection is necessary? (1996) BSA Press Release; Rahim, M.M., Seyal, A.S., Rahman, M.N., Software piracy among tertiary students in Brunei Darussalam: An empirical study (1999) Proceedings of the First Australian Institute of Computer Ethics Conference (AICE99), pp. 301-321. , Melbourne, Australia, July; Solomon, S.L., O'Brien, J.A., The effect of demographics factors on attitudes toward software piracy (1990) Journal of Computer Information Systems, 30 (3), pp. 40-46; Im, J.H., Van Epps, P.D., Software piracy and software security in business schools (1992) Information and Management, 23 (4), pp. 193-203; Eining, M.M., Christensen, A.L., A psycho-social model of software piracy: The development and test of a model (1991) Ethical Issues in Information Systems, pp. 182-188. , Boyd & Fraser Publishing Company, Boston; Kowalski, S., Kowalski, H., Computer ethics and computer abuse: A study of Swedish and Canadian university data processing students (1990) Information Age, 12 (4), pp. 206-212; Wong, G., Kong, A., Ngai, S., A study of unauthorised software copying among post-secondary students in Hong Kong (1990) The Australian Computer Journal, 22 (4), pp. 114-122; Taylor, G.S., Shim, J.P., A comparative examination of attitudes toward software piracy among business professors and executives (1993) Human Relations, 46 (4), pp. 419-433; Simpson, P.M., Banerjee, D., Simpson, C.L., Softlifting: A model of motivating factors (1994) Journal of Business Ethics, 13, pp. 431-438; Peace, A.G., Galletta, D.F., Developing a predictive model of software piracy behaviour: An empirical study (1996) Proceedings of the Seventeenth International Conference on Information Systems, , Ohio, USA, December 16-18; Sims, R.R., Cheng, H.K., Teegen, H., Toward a profile of student software piraters (1996) Journal of Business Ethics, 15, pp. 839-849; Rahim, M.M., Seyal, A.S., Rahman, M.N., Software piracy among computing students: A Bruneian scenario (1999) Computers and Education Journal, 32, pp. 301-321; Reid, R.A., Thompson, J.K., Logsdon, J.M., Knowledge and attitudes of management students towards software piracy (1992) Journal of Computer Information Systems, pp. 46-51. , Fall; Logsdon, J.M., Thompson, J.K., Reid, R.A., Software piracy: Is it related to moral judgment? (1994) Journal of Business Ethics, 13, pp. 849-857; Ang, A.Y., Lo, B.W.N., Software piracy attitudes of tertiary students in Australia (1998) Electronic Proceedings of the South East Asian Computer Conference, , Darwin, Australia; Thong, J.Y.L., Yap, C.S., Testing an ethical decision-making theory: The case of softlifting (1998) Journal of Management Information Systems, 15 (1), pp. 213-237; Fishbein, M., Ajzen, I., (1975) Beliefs, Attitudes, Intention and Behaviour: An Introduction to Theory and Research, , Addison-Wesley, Reading, Massachusetts; Beck, L., Ajzen, I., Predicting dishonest actions using the theory of planned behaviour (1991) Journal of Research in Personality, 25, pp. 285-301; Randall, D.M., Taking stock: Can the theory of reasoned action explain unethical conduct? (1989) Journal of Business Ethics, pp. 873-882; Christensen, A.L., Eining, M.M., Factors influencing software piracy: Implications for accountants (1991) Journal of Information Systems, pp. 67-80. , Spring; Wong, K., Computer-crime-risk management and computer security (1985) Computer and Security, 4, pp. 287-295; Williams, S.W., Ogletree, S.M., Woodburne, W., Raffeld, P., Gender roles, computer attitudes and dyadic computer interaction: Performance in college students (1994) Sex Roles: A Journal of Research, 5 (3), pp. 515-526; Pereira, L.B., Kanekar, S., Perceptions of initiatory and retaliatory cheating behaviour (1984) Indian Psychologist, 3 (1), pp. 17-20; Loch, K.D., Conger, S., Evaluating ethical decision making and computer use (1996) Communications of the ACM, 39 (7), pp. 74-83; Robinson, R.K., Reithel, B.J., The software piracy dilemma in public administration: A survey of university software policy enforcement (1994) Public Administration Quarterly, 17 (4), pp. 485-498. , Winter; Nunnally, J.C., (1978) Psychometric Theory, , McGraw-Hill, New York; Conger, S.A., Loch, K.D., Helft, B.L., Ethics and IT use: A factor analysis of attitudes to computer use (1995) Information Systems Journal, 5, pp. 161-184; Beauchamp, T.L., Bowie, N.E., (1979) Ethical Theory and Business, , Prentice Hall, Englewood Cliffs, New Jersey; Gorsuch, R.L., Ortberg, J., Moral obligation and attitudes: Their relation to behavioral intentions (1983) Journal of Personality and Social Psychology, 44 (5), pp. 1025-1028; Churchill, G.A.J., A paradigm for developing better measures of marketing constructs (1979) Journal of Marketing Research, 15, pp. 64-73; (1994) Statistical Year Book of Brunei, , Statistical Department, Brunei Darussalam; (1998) Institut Teknologi Brunei Prospectus, , Institut Tecknologi Brunei; (1999) Focus Computer School Prospectus, , Focus Computer School, Brunei Darussalam; (1997) Universiti Brunei Darussalam Prospectus 1997-1998, , Universiti Brunei Darussalam; Swinyard, W.R., Rinne, H., Kau, A.K., The morality of software piracy: A cross-cultural analysis (1990) Journal of Business Ethics, 9, pp. 655-664; Cheng, H.K., Sims, R.R., Teegen, H., To purchase or to pirate software: An empirical study (1997) Journal of Management Information Systems, 13 (4), pp. 49-60; Lobel, T.E., Gender differences in adolescents' cheating behaviour: An interfactional model (1993) Personality and Individual Differences, 14 (1), pp. 275-277; Markus, M.L., Robey, D., Information technology and organizational change: Causal structure in theory and research (1988) Management Science, 34 (5), pp. 583-598; Igbaria, M., Chakrobarti, A., Computer anxiety and attitudes towards microcomputer use (1990) Behaviour and Information Technology, 9 (3), pp. 229-241",Article,Scopus
"Siponen M.","The relevance of software rights: An anthology of the divergence of sociopolitical doctrines",2001,"AI and Society","https://www.scopus.com/inward/record.uri?eid=2-s2.0-4644317154&doi=10.1007%2fBF01205743&partnerID=40&md5=2abbd47a97eb85cd705627ac3e995262","Airaksinen, T., (1987) Moraalifilosofia [Moral Philosophy], 2nd Edn., , WSOY, Porvoo in Finnish; Bowyer, K.K., (1995) Ethics and Computing: Living Responsibility in a Computerized Word, , IEEE Computer Society Press, Los Alamitos, CA, USA; Floridi, L., (1998) Does Information Have a Moral Worth in Itself? Computer Ethics: Philosophical Enquiry (CEPE' 98), , Association with the ACM SIG on Computers and Society, London School of Economics and Political Science, London, 14-15 December 1998; Floridi, L., Information ethics: On the philosophical foundation of computer ethics (1999) Ethics and Information Technology, 1 (1), pp. 37-56; Gewirth, A., (1978) Reason and Morality, , University of Chicago Press, Chicago, IL; Hare, R.M., (1952) The Language of Morals, , Clarendon Press, Oxford, UK; Hare, R.M., (1963) Freedom and Reason, , Oxford University Press, Oxford, UK; Hare, R.M., Some confusions about subjectivity (1976) Freedom and Morality, , Bricke, J. (ed.). Kansas University Press; Hare, R.M., (1981) Moral Thinking: Its Levels, Methods and Point, , Clarendon Press, Oxford, UK; Hare, R.M., Foundationalism and coherentism (1999) Objective Prescriptions and Other Essays, , Hare R.M. (ed.). Oxford University Press, Oxford, UK; Hume, D., (1975) Inquiries Concerning Human Understanding and Concerning the Principles of Morals, 3rd Edn., , Oxford University Press, Oxford, UK; Jakonen, J., Luciano floridin informaatioetiikka ja sen soveltaminen käytäntöön (1999) Proceedings of the First International Computer Ethics Workshop in Finland (ICEF '99), , Eriksson, I., Siponen, M.T. and Vartiainen, T. (eds), Jyväskylä, Finland; Johnson, D.G., (1994) Computer Ethics, 2nd Edn., , Prentice Hall, Upper Saddle River, NJ, USA; Jarvinen, P., The new classification of research approaches (1997) The IFIP Pink Summary - 36 Years of IFIP, , Zemanek, H. (ed.). IFIP, Laxenburg; Kallman, E., Grillo, J., (1993) Ethical Decision Making and Information Technology, , McGraw-Hill, New York, USA; Kirsch, G.J., The changing roles of patent and copyright protection for software and communication technology (1998) Knowright '98: 2nd International Conference on Intellectual Property Rights and Free Flow of Information. Proceedings of the XVth IFIP World Computer Congress, , 31 August-4 September, Vienna and Budapest; Kuflik, A., Moral foundations of intellectual property rights (1995) Computer, Ethics and Social Values, , Johnson, D. and Nissenbaum, H. (eds). Prentice Hall, Englewood Cliffs, NJ, USA; Kukathas, C., Pettit, P., (1990) Rawls: A Theory of Justice and Its Critics, , Stanford University Press, Stanford, CA, USA; Langford, D., (1995) Practical Computer Ethics, , McGraw-Hill, Guildford, UK; MacIntyre, A., (1986) After Virtue: A Study in Moral Theory, 2nd Edn., , London, UK; Marx, K., (1844) Ökonomisch-philosophische Manuskripte [Economic and Philosophical Manuscripts], , Leipzig Reclam 1970; Mason, R., Four ethical issues of the information age (1985) MIS Quarterly, 10 (1), pp. 5-12; Moor, J.H., What is computer ethics? (1985) Metaphilosophy, 16 (4), pp. 266-275; Moore, G.E., (1903) Principia Ethicia, , Cambridge, UK; Nissenbaum, H., Should I copy my neighbor's software (1995) Computers, Ethics and Social Values, , Johnson, D.G. and Nissenbausm, H. (eds). Prentice Hall, Englewood Cliffs, NJ, USA; Nozick, R., (1974) Anarchy, State and Utopia, , Basic Books, New York, USA; Popper, K., Philosophy of science: A personal report (1957) British Philosophy in the Mid-Century, , Mace, C.A. (ed.). Allen & Unwin, London, UK; Quircmayr, G., Selected legal issues related to internet use (1997) 3rd International Conference on Reliability, Quality and Safety of Software-Intensive Systems ENCRESS '97, , 29-30 May, Athens, Greece; Rawls, J., (1971) Theory of Justice; Sandel, M., (1982) Liberalism and the Limits of Justice, , Cambridge University Press, Cambridge, UK; Severson, R.J., (1997) The Principles of Information Ethics, , Armonk/Sharpe, New York, USA; Siponen, M.T., Kajava, J., The moralistic dimensions of unauthorised copying of software: Selected issues (1998) EthicComp '98: The Fourth International Conference on Ethical Issues of Information Technology, , 25-27 March 1998, Rotterdam, the Netherlands; Snapper, J.W., Ownership of computer software (1995) Computers, Ethics and Social Values, pp. 181-190. , Johnson, D.G. and Nissenbaum, H. (eds). Prentice Hall, Englewood Cliffs, NJ, USA; Stallman, R., Why software should be free (1995) Computers, Ethics and Social Values, , Johnson, D.G. and Nissenbaum, H. (eds). Prentice Hall, Englewood Cliffs, NJ, USA; Stallman, R., The GNU manifesto (1997) Computers, Ethics and Society, 2nd Edn., , Ermann, M.D., Williams, M.B. and Shauf, M.S. (eds). Oxford University Press, Oxford, UK; Taylor, P.W., (1975) Principles of ethics: An introduction, , Dickenson, Encino, CA, USA; Warburton, N., (1996) Philosophy: The Basics, 2nd Edn., , TJ Press, Padstow, UK; Weckert, J., Intellectual property rights and computer software (1997) Journal of Business Ethics, 6 (2); Weckert, J., Adeney, D., (1997) Computer and Information Ethics, , Greenwood press. Westport, CT, USA",Review,Scopus
"Gopal R.D., Sanders G.L.","Global Software Piracy: You Can’T Get Blood Out of a Turnip",2000,"Communications of the ACM","https://www.scopus.com/inward/record.uri?eid=2-s2.0-0002481588&doi=10.1145%2f348941.349002&partnerID=40&md5=af5b40c16fe4c02d9b87c9575b57bb15","(1998) San Jose Mercury News., , Broadside fired at Mexican software piracy. (July 2); www.sjmercury.com/business/center/mexpir070598.htm; Dewan, S., Kraemer, K.L., International dimensions of the productivity paradox. (1998) Commun. ACM41, 8, pp. 56-62. , (Aug.); (1999), Distribution of Worldwide Software Revenues Vary Dramatically. International Data Corp. press release. Feb. 10,; www.idcresearch.com/Press/default.htm; Gopal, R.D., Sanders, G.L., An examination of preventive and deterrent controls for software piracy. (1997) J. Manage. Info. Syst., 13 (4), pp. 29-47. , (Spr.); Gopal, R.D., Sanders, G.L., International software piracy: Analysis of key issues and impacts. (1998) Info. Syst. Research, 9 (4), pp. 380-397. , (Dec.); Meurer, M.J., Price discrimination, personal use and piracy: Copyright protection of digital works. (1997) Buffalo Law Rev., 45 (3), pp. 845-898. , (Fall); Shapiro, C., Varian, H.R., (1999) Information Rules, , Harvard Business School Press, Boston, MA; (1997), Software pirates pile up profits in afflicted Asia. Christian Sci. Monitor (Dec 29, ); (1999) The Economist, , The politics of piracy. (Feb. 20); (1998), SPA’s Report on Global Software Piracy. Software Publishers Association www.spa.org/piracy/98report.htm; Varian, H.R., (1992) Microeconomic Analysis, 3rd Edition, , W. W. Norton, New York, NY; (1999), Worldwide Package Software Market Grew 13.6 Percent in 1998. International Data Corp. press release Jan. 12); www.idcresearch.com/Press/default.htm",Article,Scopus
"Moores T., Dhillon G.","Software piracy: A view from Hong Kong",2000,"Communications of the ACM","https://www.scopus.com/inward/record.uri?eid=2-s2.0-0042223455&doi=10.1145%2f355112.355129&partnerID=40&md5=b7e31653a7207716e22f401f93c48cf5","Al-Jabri, I., Abdul-Gader, A., Software copyright infringements: An exploratory study of the effect of individual and peer beliefs (1997) Omega, 25 (3), pp. 335-344; Banerjee, D., Cronan, T.P., Jones, T.W., Modeling it ethics: A study in situational ethics (1998) MIS Q., 22 (1), pp. 31-60; Cheng, H.K., Sims, R.R., Teegen, H., To purchase or to pirate software: An empirical study (1997) J. MIS, 13 (4), pp. 49-60; Conner, K.R., Rumelt, R.P., Software piracy: An analysis of protection strategies (1991) Man. Sci., 37 (2), pp. 125-139; Gopal, R.D., Sanders, G.L., Preventative and deterrent controls for software piracy (1997) J. MIS, 13 (4), pp. 29-47; Jones, T.M., Ethical decision making by individuals in organizations: An issue-contingent model (1991) Academy of Man. Rev., 16 (2), pp. 366-395; Kreie, J., Cronan, T.P., How men and women view ethics (1998) Commun. ACM, 41 (9), pp. 70-76; Logsdon, J.M., Thompson, J.K., Reid, R.A., Software piracy: Is it related to level of moral judgment? (1994) J. Bus. Ethics, 13, pp. 849-857; Sims, R.R., Cheng, H.K., Teegen, H., Toward a profile of student softwate piraters (1996) J. Bus. Ethics, 15, pp. 839-849; (1999) SIIA's Report in Global Software Piracy, , www.siia.net-piracy/news/gpr.pdf; Weber, J., Scenarios in business ethics research: Review, critical assessment and recommendations (1992) Bus. Ethics Q., 2, pp. 137-159",Article,Scopus
"Mackenzie E., Goldman K.","Computer abuse, information technologies and judicial affairs",2000,"Proceedings ACM SIGUCCS User Services Conference","https://www.scopus.com/inward/record.uri?eid=2-s2.0-0034442232&doi=10.1145%2f354908.354947&partnerID=40&md5=c056b7ae7c8e25775a14779e91d67d2c",,Conference Paper,Scopus
"Lending Diane, Slaughter Sandra A.","Understanding differences in ethical beliefs and behaviors toward software copying: The effects of organization culture",1999,"Proceedings of the ACM SIGCPR Conference","https://www.scopus.com/inward/record.uri?eid=2-s2.0-0032688505&partnerID=40&md5=3dda6f41e3b03fc7ffcea805a0d3afdc",,Article,Scopus
"Thong J.Y.L., Yap C.-S.","Testing an ethical decision-making theory: The case of softlifting",1998,"Journal of Management Information Systems","https://www.scopus.com/inward/record.uri?eid=2-s2.0-0032223746&doi=10.1080%2f07421222.1998.11518203&partnerID=40&md5=bee9a5eece92feb034a012b3393ff224","Anderson, R.E., Johnson, D.G., Gotterbarn, D., Perrolle, J., Using the new ACM code of ethics in decision making (1993) Communication of the ACM, 36 (2), pp. 98-107; Athey, T., Zmud, R.W., (1987) Computers and Information Systems, , Glenview, IL: Scott, Foresman and Company; Baroudi, J., Igbaria, M., An examination of gender effects on career success of information systems employees (1995) Journal of Management Information Systems, 1 (3), pp. 181-201; Beauchamp, T.L., Bowie, N.E., (1979) Ethical Theory and Business, , Englewood Cliffs, NJ: Prentice-Hall; Belsley, D.A., Kuh, E., Welsch, R.E., (1980) Regression Diagnostics: Identifying Influential Data and Sources of Collinearity, , New York: John Wiley; Bequai, A., (1987) Technocrimes, , Lexington, MA: Lexington Books; Christensen, A.L., Eining, M.M., Factors influencing software piracy: Implications for accountants (1991) Journal of Information Systems, 5, pp. 67-80. , Spring; Collins, R., Miller, K.W., Paramedic ethics for computer professionals (1992) Journal of System Software, 17, pp. 23-28. , January; Couger, J.D., Preparing IS students to deal with ethical issues (1989) MIS Quarterly, 13 (2), pp. 211-218; Eining, M.M., Christensen, A.L., A psycho-social model of software piracy: The development and test of a model (1991) Ethical Issues in Information Systems Use, pp. 182-188. , R. Dejoie, G. Fowler, and D. Paradice (eds.), Boston: Boyd and Fraser; Ferrell, O.C., Gresham, L.G., A contingency framework for understanding ethical decision making in marketing (1985) Journal of Marketing, 49, pp. 87-96. , Summer; Ferrell, O.C., Gresham, L.G., Fraedrich, J., A synthesis of ethical decision models of marketing (1989) Journal of Macromarketing, 9 (2), pp. 55-64; Fishbein, M., Ajzen, I., (1975) Belief, Attitude, Intention and Behavior: An Introduction to Theory and Research, , Boston: Addison-Wesley; Ford, R.C., Richardson, W.D., Ethical decision making: A review of the empirical literature (1994) Journal of Business Ethics, 13 (2), pp. 205-221; Forester, T.G., Morrison, P., (1994) Computer Ethics: Cautionary Tales and Ethical Dilemmas in Computing, 2d Ed., , Cambridge, MA: MIT Press; Frankena, W., (1963) Ethics, , Englewood Cliffs, NJ: Prentice-Hall; Freeman, R.E., Gilbert Jr., D.R., Hartman, E., Values and foundations of strategic management (1988) Journal of Business Ethics, 7, pp. 821-834; Gabella, G., Picasso, M.D., PC software industry lost $8.08 billion to pirates in 1994 (1995) Information and Management, 29 (5), pp. 285-288; Harrington, S.J., Why people copy software and create computer viruses: Individual characteristics or situational factors? (1989) Information Resources Management Journal, 2 (3), pp. 28-37; Harrington, S.J., The anomaly of other-directedness: When normally ethical IS personnel are unethical (1995) Computer Personnel, 16 (2), pp. 3-11; Hofstede, G., (1991) Cultures and Organizations: Software of the Mind, , London: McGraw-Hill; Huff, C., Martin, C.D., Computing consequences: A framework for teaching ethical computing (1995) Communication of the ACM, 38 (12), pp. 75-84; Hunt, S.D., Commentary on an empirical investigation of a general theory of marketing ethics (1990) Journal of the Academy of Marketing Science, 18 (2), pp. 173-177; Hunt, S.D., Vitell, S.J., A general theory of marketing ethics (1986) Journal of Macromarketing, 6, pp. 5-16. , Spring; Johnson, D.G., (1994) Computer Ethics, 2d Ed., , Englewood Cliffs, NJ: Prentice-Hall; Jones, T.M., Ethical decision making by individuals in organizations: An issue-contingent model (1991) Academy of Management Review, 16 (2), pp. 366-395; Kling, R., Beyond outlaws, hackers and pirates: Ethical issues in the work of information and computer science professionals (1996) Computerization and Controversy: Value Conflicts and Social Choices, 2d Ed., , San Diego: Academic Press; Laudon, K.C., Ethical concepts and information technology (1995) Communications of the ACM, 38 (12), pp. 33-39; Levy, M., Dubinsky, A.J., Identifying and addressing retail salespeople's ethical problems: A method and application (1983) Journal of Retailing, 59 (1), pp. 46-66; Loch, K.D., Conger, S., Evaluating ethical decision making and computer use (1996) Communications of the ACM, 39 (7), pp. 74-83; Luegenbiehl, H.C., Computer professionals: Moral autonomy and a code of ethics (1992) Journal of Systems Software, 17, pp. 61-68; Mason, R.O., Four ethical issues of the information age (1986) MIS Quarterly, 10 (1), pp. 5-12; Mason, R.O., Applying ethics to information technology issues (1995) Communications of the ACM, 38 (12), pp. 55-57; Mayo, M.A., Marks, L.J., An empirical investigation of a general theory of marketing ethics (1990) Journal of the Academy of Marketing Science, 18 (2), pp. 163-171; McFarlan, F.W., Editor's comments (1988) MIS Quarterly, 12 (1), pp. iii-vi; Murphy, P., Laczniak, G.R., Marketing ethics: A review with implications for managers, educators and researchers (1981) Review of Marketing, pp. 251-266. , B. Enis and K. Roering (eds.), Chicago: American Marketing Association; Nunnally, J.C., (1978) Psychometric Theory, , New York: McGraw-Hill; Oz, E., Ethical standards for information systems professionals: A case for a unified code (1992) MIS Quarterly, 10 (1), pp. 423-433; Parasuraman, S., Predicting turnover intentions and turnover behavior (1982) Journal of Vocational Behavior, 21, pp. 111-121; Parker, D., Swope, S., Baker, B., (1990) Ethical Conflicts in Information and Computer Science, Technology, and Business, , Wellesley, MA: QED Information Sciences; Randall, D.M., Taking stock: Can the theory of reasoned action explain unethical conduct? (1989) Journal of Business Ethics, 8, pp. 873-882; Randall, D.M., Gibson, A.M., Methodology in business ethics: A review and critical assessment (1990) Journal of Business Ethics, 9, pp. 457-471; Ross, W.D., (1930) The Right and the Good, , Oxford: Clarendon Press; Samuelson, P., Digital media and the law (1991) Communications of the ACM, 34 (10), pp. 23-28; Samuelson, P., Computer programs and copyright's fair use doctrine (1993) Communications of the ACM, 36 (9), pp. 19-25; Samuelson, P., Copyright's fair use doctrine and digital data (1994) Communications of the ACM, 37 (1), pp. 21-27; Sidgwick, H., (1907) The Methods of Ethics, , London: MacMillan; Simpson, P.M., Banerjee, D., Simpson, C.L., Softlifting: A model of motivating factors (1994) Journal of Business Ethics, 13 (6), pp. 431-438; Singhapakdi, A., Vitell, S., Research note: Selected factors influencing marketers' deontological norms (1991) Journal of the Academy of Marketing Science, 19 (1), pp. 37-42; Smith, N.C., Quelch, J.A., (1993) Ethics in Marketing, , Homewood, IL: Irwin; Straub, D.W., Collins, R.W., Key information liability issues facing managers: Software piracy, proprietary databases, and individual rights to privacy (1990) MIS Quarterly, 14 (2), pp. 143-156; Tabachnick, B.G., Fidell, L.S., (1989) Using Multivariate Statistics, 2d Ed., , New York: HarperCollins; Taylor, P.W., (1975) Principles of Ethics: An Introduction, , Encino, CA: Dickenson Publishing; Trevino, L.K., Ethical decision making in organizations: A person-situation interactionist model (1986) Academy of Management Review, 11 (3), pp. 601-617; Vitell, S.J., Davis, D.L., Ethical beliefs of MIS professionals: The frequency and opportunity for unethical behavior (1990) Journal of Business Ethics, 9 (1), pp. 67-70; Vitell, S.J., Hunt, S.D., The general theory of marketing ethics: A partial test of the model (1990) Research in Marketing, 10, pp. 237-265; Watson, R.T., Brancheau, J.C., Key issues in IS management (1991) Information and Management, 20, pp. 213-223; Watson, R.T., Pitt, L.F., Personal computing ethics: Beliefs and behaviour (1993) International Journal of Information Management, 13 (4), pp. 287-298; Watson, R.T., Pitt, L.F., Determinants of behavior towards ethical issues in personal computing (1993) OMEGA, 21 (4), pp. 457-470; Wood-Harper, A.T., Corder, S., Wood, J.R.G., Watson, H., How we profess: The ethical system analyst (1996) Communications of the ACM, 39 (3), pp. 69-77",Article,Scopus
"Cheng H.K., Sims R.R., Teegen H.","To purchase or to pirate software: An empirical study",1997,"Journal of Management Information Systems","https://www.scopus.com/inward/record.uri?eid=2-s2.0-0031288383&doi=10.1080%2f07421222.1997.11518142&partnerID=40&md5=22c45f848b3a8cc8d7c8a23206092f2f","Anthes, G.H., Study cites software industry growth, piracy problems (1993) Computerworld, p. 119. , March 29; (1995) 1994 Software Piracy Report, , Washington, DC: Business Software Alliance; Cheng, H.K., Hacking, computer viruses, and software piracy: The implications of modem computer fraud for corporations (1995) Corporate Misconduct: the Legal, Societal, and Management Issues, pp. 125-147. , M.P. Spencer and R.R. Sims (eds.), London: Quorum Books; Christensen, A.L., Eining, V., Factors influencing software piracy: Implications for accountants (1991) Journal of Information Systems, pp. 67-80. , Spring; Conner, K.R., Rumelt, R.P., Software piracy: An analysis of protection strategies (1991) Management Science, 37 (2), pp. 125-139; Cronbach, L.J., (1990) Essentials of Psychological Testing, 5th Ed., , New York: Harper and Row; Gwynne, P., Stalking Asian software pirates (1992) Technology Management, 95 (2), pp. 15-16; Levy, S., The rap on software piracy (1993) MacWorld, pp. 57-70. , January; Logsdon, J.M., Thompson, J.K., Reid, R.A., Software piracy: Is it related to level of moral judgment? (1994) Journal of Business Ethics, 13, pp. 849-857; Martin, J., Freeze, it's the cyber fuzz (1994) Fortune, p. 12. , May 2; Nascimento, F., Vanhonacker, W.R., Optimal strategic pricing of reproducible consumer products (1988) Management Science, 34 (8), pp. 921-937; Oz, E., The attitude of managers-to-be toward software piracy (1990) OR/MS Today, pp. 24-26. , August; Pallette, J., Software and the law (1986) PC Week, pp. 79-84. , October 7; Parry, J., Pirates in the dock (1991) International Management, 46 (4), pp. 56-59; Reid, R.A., Thompson, J.K., Logsdon, J.M., Knowledge and attitudes of management students toward software piracy (1992) Journal of Computer Information Systems, pp. 46-51. , Fall; Shim, J.P., Taylor, G.S., Business faculty members' perceptions of unauthorized software copying (1988) OR/MS Today, pp. 30-31. , October; Sims, R.R., Cheng, H.K., Teegen, H., Toward a profile of student software piraters (1996) Journal of Business Ethics, 15, pp. 839-849; Varian, H.R., (1984) Microeconomic Analysis, 2d Ed., , New York: W.W. Norton; Siwek, S.E., Furchtigott-Roth, H.W., (1993) The U.S. Software Industry: Economic Contribution in the U.S. and World Markets (A Report Prepared for Business Software Alliance), , Washington, DC: Economists Incorporated, Spring; Vitell, S.J., Davis, D.L., Ethical beliefs of MIS professionals: The frequency and opportunity for unethical behavior (1990) Journal of Business Ethics, pp. 63-70. , August; Willett, S., SPA investigates reports of rampant piracy on the Internet (1993) InfoWorld, p. 12. , March 22; Zagorsky, J., The upside of software piracy (1990) Computerworld, p. 21. , July 2",Article,Scopus
"Gopal R.D., Sanders G.L.","Preventive and deterrent controls for software piracy",1997,"Journal of Management Information Systems","https://www.scopus.com/inward/record.uri?eid=2-s2.0-0031288375&doi=10.1080%2f07421222.1997.11518141&partnerID=40&md5=0ddeca8a19f3f93a33f07672a6c42780","Antonoff, M., The decline of copy protection (1987) Personal Computing, 11 (5), pp. 155-1115. , May; Benham, H.C., Wagner, J.L., Software publishing and the economic impact of copying (1987) International Conference on Information Systems, pp. 149-159; Besen, S.M., Kirby, S.N., Private copying, appropriability, and optimal copying royalties (1989) Journal of Law and Economics, 32, pp. 255-280. , October; Blumstein, A., Cohen, J., Nagin, D., Introduction (1978) Deterrence and Incapacitation: Estimating the Effects of Criminal Sanctions on Crime Rates, , Washington, DC: National Academy of Sciences; Bommer, M., Gratto, C., Gravander, J., Tuttle, M., A behavioral model of ethical and unethical decision making (1991) Ethical Issues in Information Systems, pp. 6-26. , R. DeJoie, G. Fowler, and D. Paradice (eds.), South-Western Publishing; Buchanan, J.M., An economic theory of clubs (1965) Economica, pp. 1-14. , February; The patient pirates are finally walking the plank (1992) Business Week, pp. 125-127. , February 17; Carrol, P.B., On your honor: Software firms remove copy-protection devices (1986) Wall Street Journal, p. 37. , September 25; Conner, K.R., Rumelt, R.P., Software piracy: An analysis of protection strategies (1991) Management Science, 37 (2), pp. 125-139. , Febraury; DeJoie, R., Fowler, G., Paradice, D., (1991) Ethical Issues in Information Systems, , South-western Publishing; Ehrlich, L., Participation in illegitimate activities: A theoretical and empirical investigation (1973) Journal of Political Economy, 81, pp. 521-564; Eining, M.M., Christensen, A.L., A psycho-social model of software piracy: The development and test of a model (1991) Ethical Issues in Information Systems, pp. 182-189. , R. DeJoie, G. Fowler, and D. Paradice (eds.), South-Western Publishing; Elmer-Dewitt, P., Nabbing the pirates of the Cyberspace: Will the latest crackdowns make a dent in global problems of the legal software duplication? (1994) Time, 143 (24). , June 13; Fuentebella, C., Testing limits of software copyright (1989) Bank Systems and Equipment, 26 (2), pp. 42-46. , February; Givon, M., Mahajan, V., Muller, E., Software piracy: Estimation of lost sales and the impact on software diffusion (1995) Journal of Marketing, 59 (1), pp. 29-37. , January; SPA issues graphic warning (1991) InfoWorld, p. 104. , December 2; Jerry, S., Users must take responsibility to control the illegal copying of software (1987) Infoworld, 9 (40), p. 56. , October 5; Manski, C.F., Prospects for inference on deterrence through empirical analysis of individual criminal behavior (1978) Deterrence and Incapacitation: Estimating the Effects of Criminal Sanctions on Crime Rates, pp. 401-424. , Washington, DC: National Academy of Sciences; Mason, J., Crackdown on software pirates (1990) Computerworld, 24 (6), pp. 107-115. , February 5; Morgon, M.J., Ruskell, D.J., Software piracy - the problems (1987) Industrial Management and Data Systems, pp. 8-12. , UK March-April; Olson, M., (1965) The Logic of Collective Action: Public Goods and the Theory of Groups, , Cambridge, MA: Harvard University Press; Patemoster, R., Decisions to participate in and desist from four types of common delinquency: Deterrence and rational choice perspective (1989) Law and Society Review, 23 (1), pp. 7-40; Paolo, D.N., Vendors come together to form CAAST (1991) ComputerData, 16 (1), p. 11. , (Canada), January; Reilly, B.J., Kyj, M.J., Economics and ethics (1990) Journal of Business Ethics, pp. 691-698; Resnick, A.J., Curbing software pirates (1993) CA Magazine, 126 (5), pp. 50-54. , May; Richards, P., Tittle, C.R., Socioeconomic status and perceptions of personal arrest probabilities (1982) Criminology, 20, pp. 329-343; Sacco, V.F., Zureik, E., Correlates of computer misuse: Data from a self-reporting sample (1990) Behaviour and Information Technology, 9 (5), pp. 353-369; Schwartz, R.D., Orleans, S., On legal sanctions (1967) University of Chicago Law Review, 34, pp. 274-300; Shim, J.P., Taylor, G.S., A comparative study of unauthorized software copying: Information systems faculty members' vs. practicing managers' perceptions (1991) Ethical Issues in Information Systems, pp. 189-198. , R. DeJoie, G. Fowler, and D. Paradice (eds.), South-Western Publishing; Solomon, S.L., O'Brien, J.A., The effect of demographic factors on attitudes toward software piracy (1991) Ethical Issues in Information Systems, pp. 168-181. , R. DeJoie, G. Fowler, and D. Paradice (eds.), South-Western Publishing; Sorenson, J.R., Tschirhart, J.T., Whinston, A.B., Private goods clubs and the core (1978) Journal of Public Economics, 10, pp. 77-95; Straub, D.W., Effective IS security: An empirical study (1990) Information Systems Research, 1 (3), pp. 255-276; Swinyard, W.R., The morality of software piracy: A cross-cultural analysis (1990) Journal of Business Ethics, 9 (8), pp. 655-664. , August; Valigura, L., ADAPSO battles micro software pirates (1985) Mini-Micro Systems, p. 27. , April; Williams, K.R., Hawkins, R., Perceptual research on general deterrence: A critical review (1986) Law and Society, 20 (4), pp. 545-572; Wood, J.A., Longenecker, J.G., McKinney, J.A., Moore, C.W., Ethical attitudes of students and business professionals: A study of moral reasoning (1988) Journal of Business Ethics, pp. 249-257; Zagorsky, J., The upside of software piracy (1990) Computerworld, 24 (27), p. 21. , July 2",Article,Scopus
"Glass R.S., Wood W.A.","Situational determinants of software piracy: An equity theory perspective",1996,"Journal of Business Ethics","https://www.scopus.com/inward/record.uri?eid=2-s2.0-0030295452&doi=10.1007%2fBF00412817&partnerID=40&md5=dd83d67b561d2f28290d90eb2a1f45f1","Adams, J.S., Toward and understanding of inequity (1963) Journal of Abnormal and Social Psychology, 67 (5), pp. 422-436; Bequai, A., (1987) Technocrimes, , Lexington Books, Lexington, MA; Cohen, E., Cornwell, L., College students believe piracy is acceptable (1989) CIS Educators Forum, pp. 2-5; Conner, K.R., Rumelt, R.P., Software piracy: An analysis of protection strategies (1991) Management Science, 37 (2), pp. 125-139; Couger, J.D., Preparing IS students to deal with ethical issues (1989) MIS Quarterly, 13 (2); Deutsch, M., (1985) Distributive Justice: A Social-Psychology Perspective, , Yale University Press, New Haven, CT; Eckoff, T., (1974) Justice: Its Determinants in Social Interaction, , Rotterdam University Press, Rotterdam, Netherlands; Harrington, S., Why people copy software and create computer viruses: Individual characteristics or situational factors (1989) Information Resource Management Journal, pp. 28-37; Homans, G.C., (1961) Social Behavior: Its Elementary Forms, , Harcourt, New York; Im, J.H., Van Epps, P.D., Software piracy and software security in business schools: An ethical perspective (1991) Data Base, 22 (3), pp. 15-21; Im, J.H., Van Epps, P.D., Legal and ethical issues of software piracy (1992) IACIS, pp. 157-169. , New Orleans; Jones, T.M., Ethical decision making by individuals in organizations: An issue-contingent model (1991) Academy of Management Review, 16 (2), pp. 366-395; Joshi, K., The measurement of fairness or equity perceptions of management information systems users (1989) MIS Quarterly, pp. 343-358; Joshi, K., An investigation of equity as a determinant of user information satisfaction (1990) Decision Sciences, 21, pp. 786-807; Kabanoff, B., Equity, equality, power and conflict (1991) Academy of Management Review, 16 (2), pp. 416-441; Miles, E.W., Hatfield, J.D., Huseman, R.C., The equity sensitivity construct: Potential implications for worker performance (1989) Journal of Management, 15 (4), pp. 581-588; Oz, E., The attitude of managers-to-be toward software piracy (1990) OR/MS Today, 17 (4), pp. 24-26; Parker, D.B., Crime by Computer, , Charles Scribner and Sons, New York; Shim, J.P., Taylor, G.S., Practicing manager's perception/attitudes towards illegal software copying (1989) OR/MS Today, 16 (4), pp. 30-33; Solomon, S.L., O'Brien, J.A., The effect of demographic factors on attitudes toward software piracy (1990) The Journal of Computer Information Systems, pp. 45-45; Straub D.W., Jr., Webb Collins, R., Key information liability issues facing managers: Software piracy, proprietary databases and individual rights to privacy (1990) MIS Quarterly, pp. 143-156; Strikwerda, R.B., Ross, J.M., Software and ethical softness (1992) Collegiate Microcomputer, 10 (3), pp. 129-136; Walster, E., Berscheid, E., Walster, G.W., New directions in equity research (1973) Journal of Personality and Social Psychology, pp. 151-176; Wood, W.A., A view of computer ethics by managers and students (1992) The Journal of Computer Information Systems, pp. 7-10; Wood, W.A., Computer ethics and years of computer use (1993) Journal of Computer Information Systems, pp. 23-27",Article,Scopus
"Rife Richard C.","Software piracy",1995,"Northcon - Conference Record","https://www.scopus.com/inward/record.uri?eid=2-s2.0-0029212041&partnerID=40&md5=aa52c61546fba568a3ff74fc39d1bbcc",,Conference Paper,Scopus
"Simpson P.M., Banerjee D., Simpson Jr. C.L.","Softlifting: A model of motivating factors",1994,"Journal of Business Ethics","https://www.scopus.com/inward/record.uri?eid=2-s2.0-0001550607&doi=10.1007%2fBF00881451&partnerID=40&md5=5029705c8f9a38264b5bb1a824f45383","Aiken, R. M.: 1988, ‘Reflection on Teaching Computer Ethics’, Paper presented at the Fourteenth SIGCSE Technical Symposium on Computer Science Education, pp. 8–11; Ajzen, I., Fishbein, M., Attitude-Behavior Relations: A Theoretical Analysis and Review of Empirical Research (1977) Psychological Bulletin, 84 (5), pp. 888-918; Akers, J.F., SMR FORUM: A Responsible Future — An Address to the Computer Industry (1984) Sloan Management Review, 26 (1), pp. 53-57; Athey, S.: 1991, ‘A Preliminary Investigation into the Impact of a Strong Software Copying Policy’, Decision Sciences Institute, Proceedings of the 1991 Annual Meeting, pp. 790–792; Athey, T., Zmud, R.W., (1987) Computers and Information Systems, , Scott, Foresman and Company, Glenview, Il; Banerjee, D.: 1992, ‘Ethical Behavior of IS Personnel: In Search of a Behavioral Model’, Unpublished doctoral dissertation, University of Arkansas, Fayetteville, Arkansas; Banerjee, D., C. L. Simpson, P. M. Simpson and R. Thorn: 1992, ‘A Statistical Analysis of Motivators for Softlifting’, working papers at Northwestern State University; Baxter, G.D., Rarick, C.A., Education for the Moral Development of Managers: Kohlberg's Stages of Moral Development and Integrative Education (1987) Journal of Business Ethics, 6, pp. 243-248; Belk, R. W.: 1975, ‘Situational Variables and Consumer Behavior’, Journal of Consumer Behavior, 157–164; Bommer, M., Gratto, C., Gravander, J., Tuttle, M., A Behavioral Model of Ethical and Unethical Decision Making (1987) Journal of Business Ethics, 6, pp. 265-280; Brow, T. J.: 1986, ‘Where Will College Students Learn Business Ethics?’, Your Computer Career, May, 6–7; Business Week: 1991, ‘Keelhauling Software Pirates’, 18, 122H; Cohen, E., Cornwell, L., A Question of Ethics: Developing Information Systems Ethics (1989) Journal of Business Ethics, 8, pp. 431-437; Cohen, E. B., L. Cornwell and E. C. Boyd: 1992, ‘Moral Development and the Teaching of Ethics in Information Systems’, in the Proceedings for the International Assocation for Computer Information Systems held in New Orleans, La. August, pp. 53–61; Conner, K.R., Rumelt, R.P., Software Piracy: An Analysis of Protection Strategies (1991) Management Science, 37, pp. 125-139; Couger, J.D., Preparing IS Students to Deal with Ethical Issues (1989) MIS Quarterly, 13 (2), pp. 211-218; Dejoie, R.M., Fowler, G.C., Paradice, D.B., A Framework for Study of Information Systems and Ethical Decision-Making Processes (1991) Ethical Issues in Information Systems, , R., Dejoie, G., Fowler, D., Paradice, Boyd & Fraser Publishing Company, Boston, MA; DeLoughry, T. J.: 1988, ‘Failure of Colleges to Teach Computer Ethics is Called Oversight with Potentially Catastropic Consequences’, The Chronicle of Higher Education, February 24, A15; Eining, M.M., Christensen, A.L., A Psycho-Social Model of Software Piracy: The Development and Test of a Model (1991) Ethical Issues in Information Systems, , R., Dejoie, G., Fowler, D., Paradice, Boyd & Fraser Publishing Company, Boston, MA; Ferrell, O.C., Gresham, L.G., A Contingency Framework for Understanding Ethical Decision Making in Marketing (1985) Journal of Marketing, 49, pp. 87-96; Forcht, K. A., R. O. Mason and F. W. McFarlan (Panelists): 1989, ‘Ethical Use of Computers: An International Perspective’, Proceedings of the Tenth International Conference on Information Systems, pp. 408; Forcht, K. A., J. K. Pierson and B. M. Bauman (Panelists): 1988, ‘Developing Awareness of Computer Ethics’, Proceedings of the Ninth International Conference on Information Systems, pp. 341–343; Heide, D., Hightower, J.K., Teaching Ethics in the Information Sciences Curricula (1988) Proceedings of the 1988 Annual Meeting of the Decision Sciences Institute, 1, pp. 198-200; Mason, R.O., Four Ethical Issues of the Information Age (1986) MIS Quarterly, 10 (1), pp. 4-12; Meldman, J. A.: 1982, ‘SMR Forum: Educating Toward Ethical Responsibility in MIS’, Sloan Management Review, 73–75; Nunnally, J., (1978) Psychometric Methods, , McGraw Hill Book Co., New York; Oz, E., The Attitude of Managers-To-Be Toward Software Piracy (1990) OR/MS Today, 17 (4), pp. 24-26; Paradice, D.B., Dejoie, R.M., The Ethical Decision-Making Process of Information Systems Workers (1991) Journal of Business Ethics, 10, pp. 57-77; Shim, J.P., Taylor, G.S., A Comparative Study of Unauthorized Software Copying: Information Systems Faculty Members' vs. Practicing Managers' Perceptions (1990) Ethical Issues in Information Systems, , R., Dejoie, G., Fowler, D., Paradice, Boyd & Fraser Publishing Company, Boston, MA; Simpson, C. L., Jr. and R. G. Thorn: 1989, ‘Everybody Does It: Motivations for Softlifting’, in the proceedings of Annual National Conference of the Association for Computer Educators held in Denver, Colorado, pp. 105–117; Solomon, S.L., O'Brien, J.A., The Effect of Demographic Factors on Attitudes Toward Software Piracy (1990) Journal of Information Systems, 30 (3), pp. 40-46; Swinyard, W.R., Rinne, H., Keng Kau, A., The Morality of Software Piracy: A Cross-Cultural Analysis (1990) Journal of Business Ethics, 9, pp. 655-664; Wong, K., Computer Crime — Risk Management and Computer Security (1985) Computer and Security, 4, pp. 287-295; Zimmerman, M. R.: 1990, ‘FBI Seizes PC's in Crackdown on Illegal Software Distribution’, PC Week, 13",Article,Scopus
"Kruger R.","Using copied software: Your work product at risk",1994,"Proceedings of WESCON 1994 - Idea/Microelectronics, Conference Record","https://www.scopus.com/inward/record.uri?eid=2-s2.0-51449115314&doi=10.1109%2fWESCON.1994.403606&partnerID=40&md5=acddb87e0da440fbb0522092b6e919b2",,Conference Paper,Scopus
"Samuelson P.","Computer Programs and Copyright's Fair Use Doctrine",1993,"Communications of the ACM","https://www.scopus.com/inward/record.uri?eid=2-s2.0-84976804005&doi=10.1145%2f162685.162693&partnerID=40&md5=64f4902741f4da373967620de7574cd0",,Article,Scopus
"Taylor G.S., Shim J.P.","A Comparative Examination of Attitudes Toward Software Piracy Among Business Professors and Executives",1993,"Human Relations","https://www.scopus.com/inward/record.uri?eid=2-s2.0-84973740128&doi=10.1177%2f001872679304600401&partnerID=40&md5=0a782fa3d0d109b66d97d90519704da7","ANTONOFF, M., Can we end software piracy? (1987) Personal Computing, pp. 142-153. , May; ARLOW, P., ULRICH, T.A., Business ethics, social responsibility and business students: An empirical comparison of Clark's study (1980) Akron Business and Economic Review, 11, pp. 17-23; BAUMHART, R.C., How ethical are business men? (1961) Harvard Business Review, 39, pp. 6-9; BEAUCHAMP, T.L., BOWIE, N.E., (1979) Ethical theory and business, , Englewood Cliffs, New Jersey: Prentice-Hall; BLOOMBECKER, J.J., Computer ethics: An antidote to despair (1987) Computers and Society, 16, pp. 3-11; BRADY, N.F., Rules for making exceptions to rules (1987) Academy of Management Review, 12, pp. 436-444; CAVANAGH, G.F., MOBERG, D.J., VALASQUEZ, M., The ethics of organizational politics (1981) Academy of Management Review, 6, pp. 363-374; CROWNE, D.P., MARLOWE, D., (1964) The approval motive, , New York: John Wiley & Sons; CLYMER, A., Low marks for Executive Honesty (1985) New York Times, pp. F-1-F-1. , June 9; DiNACCI, D., Software piracy: Is your company liable? (1985) Business, pp. 34-38. , October; EINING, M.M., CHRISTENSEN, A.L., A psycho-social model for software piracy: The development and test of a model (1991) Ethical Issues in Information Systems, , In R. Dejoie, G. Fowler, and D. Paradice (Eds.), Boston: Boyd & Fraser Publishing Company; FRITZSCHE, D.J., BECKER, H., Linking management behavior to ethical philosophy-an empirical investigation (1984) Academy of Management Journal, 27, pp. 166-175; GEORGE, R.J., Teaching business ethics: Is there a gap between rhetoric and reality (1987) Journal of Business Ethics, 6, pp. 513-518; GALLUP OPINION INDEX (1985) Honest and ethical standards of business executives, p. 17. , August, p; GLENN, J.R., Business curriculum and ethics: Student attitudes and behavior (1988) Business and Professional Ethics Journal, 7, pp. 167-185; HOFFMAN, M., MOORE, J.M., Results of a business ethics curriculum survey conducted by the Center of Business Ethics (1982) Journal of Business Ethics, 1, pp. 81-83; IM, J.H., KOEN, C., Software piracy and responsibilities of educational institutions (1989), pp. 396-398. , Proceedings of the Southern Management Association; KEEFE, P., Manzi defends Lotus' fight to protect 1-2-3 copyright (1990) Computerworld, 34, pp. 65-76. , October 29; MASON, R.O., Four ethical issues of the information age (1986) MIS Quarterly, 10, pp. 5-12; MERTON, R.K., (1957) Social theory and social structure, , Glencoe, Illinois: Free Press; MINTZBERG, H., (1979) The structuring of organizations, , Englewood Cliffs, New Jersey: Prentice-Hall; RENDER, B., STAIR, R.M., Microcomputer technology in schools of business (1979) Interfaces, 17, pp. 92-102; RUHNKA, J.C., WELLES, S., The ethical implications of corporate record management practices and some suggested ethical values for decisions (1990) Journal of Business Ethics, 9, pp. 81-92; SILBURT, D., The disk takers (1987) Canadian Business, pp. 66-78. , March; SMIDDY, J.D., SMIDDY, L.O., Caught in the act (1985) Datamation, pp. 66-78. , March; SOLOMON, R.C., (1984) Ethics, , New York: McGraw-Hill; SOLOMON, S.L., O'BRIEN, J.A., The effect of demographic factors on attitudes toward software piracy (1991) Ethical issues in information systems, , In R. Dejoie, G. Fowler, and D. Paradice (Eds.), Boston: Boyd & Fraser Publishing Company; STAUB, D.W., Jr., NANCE, W.D., Discovering and disciplining computer abuse in organizations: A field study (1990) MIS Quarterly, 14, pp. 45-60; STEVENS, G.F., Business ethics and social responsibility: The response of present and future managers (1984) Akron Business and Economics Review, 15, pp. 6-11; STURDIVANT, F., GINTER, J., Corporate social responsiveness: Management attitudes and economic performance (1977) California Management Review, 19, pp. 30-39; SWASEY, L., Software leasing expected to boom (1989) MIS Week, 10, p. 30; THOMPSON, V., (1961) Modern organizations, , New York: Knopf; TOSI, H.L., RIZZO, J.R., CARROLL, S.J., (1986) Managing Organizational Behavior, , Marshfield, Massachusetts: Pitman Publishing; TREVINO, L.K., Ethical decision making in organizations: A person-situation interactionist model (1986) Academy of Management Review, 11, pp. 601-617; VITELL, S.J., DAVIS, D.L., Ethical beliefs of MIS professionals: The frequency and opportunity for unethical behavior (1990) Journal of Business Ethics, 9, pp. 63-70; ZEY-FERRELL, M., FERRELL, O.C., Role set configuration and opportunity as predictors of unethical behavior in organizations (1982) Human Relations, 35, pp. 587-604; ZEY-FERRELL, M., WEAVER, K.M., FERRELL, O.C., Predicting unethical behavior among marketing practitioners (1979) Human Relations, 32, pp. 557-569",Article,Scopus
"Weisband S.P., Goodman S.E.","International software piracy",1992,"Computer","https://www.scopus.com/inward/record.uri?eid=2-s2.0-0026954536&doi=10.1109%2f2.166426&partnerID=40&md5=143c3b477c12fbe1458cf192edfba271","Buckeley, W.M., Software Makers Are Pursuing ‘Pirates’ Around the Globe with Fleets of Lawyers (1990) Wall Street J, p. B1. , Dec. 14; Einhorn, B., Fake Windows, Ersatz DOS, Angry Uncle Sam (1992) Business Week, p. 130. , May 18; Hoffman, G.M., Piracy of Intellectual Property (1990) Bull Am. Soc. for Information Science, pp. 9-13. , Feb./Mar; McCarroll, T., Whose Bright Idea? (1991) Time, pp. 42-46. , June 10; Kapor, M., testimony before the House Subcommittee on Courts (1990) Intellectual Property, and the Administration of Justice, , Mar. 7; Stern, R.H., The Berne Convention: A Bad Idea Whose Time Has Come? (1988) IEEE Micro, pp. 6-7. , Apr; Gwynne, P., Stalking Asian Software Pirates (1992) Technology Rev., pp. 15-16. , Feb./Mar",Article,Scopus
"Vitell S.J., Davis D.L.","Ethical beliefs of MIS professionals: The frequency and opportunity for unethical behavior",1990,"Journal of Business Ethics","https://www.scopus.com/inward/record.uri?eid=2-s2.0-0002861365&doi=10.1007%2fBF00382565&partnerID=40&md5=4be55fbfb3c86759162373e3ef315f81","Arlow, Ulrich, Business Ethics, Social Responsibility and Business Students: An Empirical Comparison of Clark's Study (1980) Akron Business and Economic Review, 3, pp. 17-23; Baumhart, Raymond: 1961, ‘How Ethical are Businessmen?’, Harvard Business Review (July–August), pp. 6–31; Bernstein, Paul: 1985, ‘Cheating — The New National Pastime?’, Business (October–December), pp. 24–33; Brenner, Molander, Is the Ethics of Business Changing? (1977) Harvard Business Review, 55, pp. 57-71; Brightman, Managing the Decision Science Technology: A Case for Ethical Analysis (1981) Decision Sciences, 12, pp. 690-697; Chonko, Hunt, Ethics and Marketing Management: An Empirical Examination (1985) Journal of Business Research, 13, pp. 339-359; Cooper, Terry L.: 1979, ‘Ethics, Values and Systems’, Journal of Systems Management (September), pp. 6–12; Couger, J. Daniel: 1984, ‘Providing Norms on Ethics to Entering Employees’, Journal of Systems Management (February), pp. 40–41; Drucker, Peter F.: 1981, ‘What is Business Ethics?’, Across the Board (October), pp. 22–32; Faeber, Leroy G. and Richard L. Ratliff: 1980, ‘People Problems Behind MIS Failures’, Financial Executive (April), pp. 18–24; Ferrell, O. C. and Larry Gresham: 1985, ‘A Contingency Framework for Understanding Ethical Decision Making in Marketing’, Journal of Marketing (Summer), pp. 87–96; Finn, Don W., Lawrence B. Chonko, and Shelby D. Hunt: 1988, ‘Ethical Problems in Public Accounting: The View From the Top’, Journal of Business Ethics (August), pp. 605–615; Heide, Dorothy and James K. Hightower: 1983, ‘Organizations, Ethics and the Computing Professional’, Journal of Systems Management (November), pp. 38–42; Hunt, Shelby D., Lawrence Chonko, and James Wilcox: 1984, ‘Ethical Problems of Marketing Researchers’, Journal of Marketing Research (August), pp. 309–324; Hunt, Shelby D. and Scott Vitell: 1986, ‘A General Theory of Marketing Ethics’, Journal of Macromarketing (Spring), pp. 5–16; Muncy, James and Scott J. Vitell: 1989, ‘Consumer Ethics: An Empirical Investigation Into the Ethical Beliefs and Attitudes of the Final Consumer’, unpublished working paper; Murphy, Patrick and Gene Laczniak: 1981, ‘Marketing Ethics: A Review with Implications for Managers, Educators and Researchers’, in Review of Marketing 1981 Ben Enis and Kenneth Roering, eds., pp. 251–266; Render, Barry, Richard Coffinberger, Ella P. Gardner, Stephen R. Ruth and Linda Samuels: 1986, ‘Perspectives on Computer Ethics and Crime’, Business (January–March), pp. 30–36; Sturdivant, Frederick D. and A. Benton Cocanougher: 1973, ‘What are Ethical Marketing Practices?’, Harvard Business Review (November–December), pp. 10–12 and 176; Taylor, (1975) Principles of Ethics: An Introduction, , Dickson Publishing Co., Encino, California; Weber, Austin: 1985, ‘Ethics, Conduct Standards Brand Real Professionals’, Data Management (May), pp. 17–19 and 24",Article,Scopus
"Crow G.B.","Defining educational policy on software usage in the light of copyright law",1989,"ACM SIGCSE Bulletin","https://www.scopus.com/inward/record.uri?eid=2-s2.0-0024610670&doi=10.1145%2f65294.71192&partnerID=40&md5=f2ab36363f9f286d4297183ef6ee5e46","Antonoff, M., Can We End Software Piracy (1987) Personal Computing, pp. 143-153. , May; Antonoff, M., The Decline of Copy Protection (1987) Personal Computing, pp. 155-157. , May; Bullock, L.C., (1986) Shoplifting? No, Softlifting, , Eric No. ED 278 376; Combating software Piracy: A Statutory Proposal to Strengthen Software Copyright (1985) The Depaul Law Review. Summer, 34 (4), pp. 993-1031; The Constitution of the United States of America (1988) Article I, Section 8 “Copying the Look and Feel of Computer software: Fair Competition or Copyright Violation?”, 2 (2), pp. 4-8. , Computer Law & Intellectual Property (CLIPNOTES), April; (1976) Amended 1980-Title XVII, U.S.C., , Sections 101, 107 and 117; Ellis, D.R., Computer Law-A Primer on the Law of Software Protection (1986) The Florida Bar Journal, pp. 81-84. , April; Helm, V., What Educators Should Know About Copyright (1986) Phi Delta Kappa Education Foundation, , Bloomington, Indiana; Protection of Mass-Marketed Software in the Waning Days of Shrink-Wrap Licenses (1988) Computer Law & Intellectual Property (CLIPNOTES), 2 (I), pp. 5-8. , January; Sterne, R.G., Saidman, P., Copying Mass-Marketed Software (1985) Byte, pp. 387-390. , February; Thou Shalt Not Dupe (1984) Association of Data Processing; (1980) The Uniform Trade Secrets Act; (1987) Vault Corp. v. Quaid Software Ltd., 655 F. Supp. 750, , E.D. La",Article,Scopus
"Johnson M.B.","Software piracy: Stopping it before it stops you",1988,"Proceedings ACM SIGUCCS User Services Conference","https://www.scopus.com/inward/record.uri?eid=2-s2.0-51449114746&doi=10.1145%2f62548.62648&partnerID=40&md5=202f511893e4e2dec79ea0c40ead379c",,Conference Paper,Scopus
